problemTitle,language,code,id
Third Maximum Number,python,"class Solution:\n    def thirdMax(self, nums: List[int]) -> int:\n        x = list(sorted(set(nums)))\n        return x[-3] if len(x) >= 3 else x[-1]",11
Third Maximum Number,java,class Solution {\n    public int thirdMax(int[] nums) {\n        long maxOne = Long.MIN_VALUE;\n        long maxTwo = Long.MIN_VALUE;\n        long maxThree = Long.MIN_VALUE;\n        for (int num2:nums){\n            long num = num2;\n          if(num == maxOne || num == maxTwo || num == maxThree){\n            continue;\n          }\n            if (num>maxOne){\n                maxThree = maxTwo;\n                maxTwo = maxOne;\n                maxOne = num;\n            }\n            else if (num>maxTwo ){\n                maxThree = maxTwo;\n                maxTwo = num;\n            }\n            else  if (num>maxThree){\n                maxThree = num;\n            }\n        }\n        return (int)( (maxThree == Long.MIN_VALUE) ? maxOne:maxThree);\n        \n    }\n},16
Third Maximum Number,java,"class Solution {\n    public int climbStairs(int n) {\n        if (n == 0 || n == 1) {\n            return 1;\n        }\n        int prev = 1, curr = 1;\n        for (int i = 2; i <= n; i++) {\n            int temp = curr;\n            curr = prev + curr;\n            prev = temp;\n        }\n        return curr;\n    }\n}",23
Third Maximum Number,java,class Solution {\n    public int thirdMax(int[] nums) {\n        HashSet<Integer> set = new HashSet<>();\n        for(int n:nums){\n            set.add(n);\n        }\n        int[] arr = new int[set.size()];\n        int count=0;\n        for(int n:set){\n            arr[count++] = n;\n        }\n        Arrays.sort(arr);\n        int len = arr.length-1;\n        if(len >= 2){\n            return arr[len-2];\n        }\n        return arr[len];\n    }\n},28
Third Maximum Number,java,"class Solution {\n    public Object solution(Object n) {\n        long third=Long.MIN_VALUE,second=Long.MIN_VALUE,first=Long.MIN_VALUE;\n        for(int n:nums){\n            if(n==third || n==second || n==first){\n                continue;\n            }\n            if(n>first){\n                third=second;\n                second=first;\n                first=n;\n            }else if(n>second){\n                third=second;\n                second=n;\n            }else if( n>third){\n                third=n;\n            }\n        }\n        return third==Long.MIN_VALUE?(int)first:(int)third;\n    }\n}",29
Third Maximum Number,java,class Solution {\n    public int thirdMax(int[] nums) {\n       TreeSet<Integer> set=new TreeSet<>();\n       for(int num:nums)set.add(num);\n       List<Integer> list=new ArrayList<>(set);\n       if(list.size()>=3){\n        return list.get(list.size()-3);\n       }\n       else{\n        return list.get(list.size()-1);\n       }\n    }\n},30
Third Maximum Number,java,class Solution {\n    public Object solution(Object input) {\n        long first=Long.MIN_VALUE;\n        long second=Long.MIN_VALUE;\n        long third=Long.MIN_VALUE;\n        for(int i=0;i<nums.length;i++){\n            if(nums[i]>first){\n                third=second;\n                second=first;\n                first=nums[i];\n\n            }\n      else  if(nums[i]>second && nums[i]<first){\n            third=second;\n            second=nums[i];\n\n            }\n        else if(nums[i]>third && nums[i]<second)\n            third=nums[i];\n        }\n        if(third==Long.MIN_VALUE)\n        return (int)first;\n       \n\n         return (int)third;\n    }\n},32
Third Maximum Number,java,class Solution {\n    public int thirdMax(int[] nums) {\n      Arrays.sort(nums);\n        if(nums.length<3)\n        return nums[nums.length-1];\n        int a=1;\n        for(int i=nums.length-1;i>0;i--)\n        {\n            if(nums[i]-nums[i-1]!=0)a++;\n            if(a==3)return nums[i-1];\n        }\n        return nums[nums.length-1];   \n        \n    }\n},33
Third Maximum Number,java,class Solution {\n    public int thirdMax(int[] nums) {\n        Arrays.sort(nums);\n        int i = 0;\n        for(int indx = nums.length-2; indx >= 0; indx--){\n            if(nums[indx] != nums[indx+1]){\n                i++;\n            }\n            if(i == 2){\n                return nums[indx];\n            }\n        }\n        return nums[nums.length-1];\n    }\n},40
Third Maximum Number,c,"int thirdMax(int* nums, int numsSize) {\n    long first = LONG_MIN, second = LONG_MIN, third = LONG_MIN;\n    for (int i = 0; i < numsSize; i++) {\n        long n = nums[i];\n        if (n == first || n == second || n == third)\n            continue;\n        if (n > first) {\n            third = second;\n            second = first;\n            first = n;\n        }\n        else if (n > second) {\n            third = second;\n            second = n;\n        }\n        else if (n > third) {\n            third = n;\n        }\n    }\n    return (third == LONG_MIN)?first:third;\n}",41
Third Maximum Number,java,"class Solution {\n    public int thirdMax(int[] nums) {\n        Arrays.sort(nums);\n        int n = nums.length, cnt = 1;\n\n        for (int i = n - 1; i >= 1; i--) {\n            if (nums[i] != nums[i - 1]) \n                cnt++;\n            if (cnt == 3)\n                return nums[i - 1];\n        }\n\n        return nums[n - 1];\n    }\n}",42
Third Maximum Number,cpp,"class Solution {\npublic:\n    int thirdMax(vector<int>& nums) {\n    int n = nums.size();\n    long max1 = LONG_MIN, max2 = LONG_MIN, max3 = LONG_MIN;\n\n    for (int i = 0; i < n; i++) {\n        if (max1 < nums[i]) {\n            max3 = max2;\n            max2 = max1;\n            max1 = nums[i];\n        } \n        else if (max2 < nums[i] && nums[i] != max1) {\n            max3 = max2;\n            max2 = nums[i];\n        } \n        else if (max3 < nums[i] && nums[i] != max2 && nums[i] != max1) {\n                max3 = nums[i];\n        }\n    }\n\n    return max3 == LONG_MIN ? max1 : max3;\n\n    }\n};",44
Third Maximum Number,java,class Solution {\n    public int thirdMax(int[] nums) {\n        Arrays.sort(nums);\n        if(nums.length<=2)\n        return nums[nums.length-1];\n        int distinct=1;\n        int i;\n        for(i=nums.length-2; i>=0; i--)\n        {\n            if(nums[i]!=nums[i+1])\n            distinct++;\n\n            if(distinct==3)\n            return nums[i];\n        }\n        return nums[nums.length-1];\n    }\n},45
Third Maximum Number,java,"class Solution {\n    public int thirdMax(int[] nums) {\n        Integer max1 = null, max2 = null, max3 = null;\n        for (int num : nums) {\n\n            if ((max1 != null && num == max1) ||\n                (max2 != null && num == max2) ||\n                (max3 != null && num == max3)) {\n                continue;\n            }\n\n            if (max1 == null || num > max1) {\n                max3 = max2;\n                max2 = max1;\n                max1 = num;\n            }\n            else if (max2 == null || num > max2) {\n                max3 = max2;\n                max2 = num;\n            }\n            else if (max3 == null || num > max3) {\n                max3 = num;\n            }\n        }\n\n        return max3 == null ? max1 : max3;\n    }\n}",48
Third Maximum Number,java,"class Solution {\n    public Object solution(Object input) {\n        long firstMax = Long.MIN_VALUE, secMax = Long.MIN_VALUE, thirdMax = Long.MIN_VALUE;\n\n        for (int num : nums) {\n            if (num == firstMax || num == secMax || num == thirdMax) continue;\n\n            if (num > firstMax) {\n                thirdMax = secMax;\n                secMax = firstMax;\n                firstMax = num;\n            }\n\n            else if (num > secMax) {\n                thirdMax = secMax;\n                secMax = num;\n            }\n\n            else if (num > thirdMax) {\n                thirdMax = num;\n            }\n        }\n\n        return (thirdMax == Long.MIN_VALUE) ? (int) firstMax : (int) thirdMax;\n    }\n}",50
Third Maximum Number,java,class Solution {\n    public int thirdMax(int[] nums) {\n        HashSet<Integer> set=new HashSet<>();\n        \n        for(int num:nums){\n            set.add(num);\n        }\n        int j=0;\n        int arr[]=new int[set.size()];\n        for(int i:set){\n            arr[j++]=i;\n        }\n        Arrays.sort(arr);\n        \n        if(arr.length>=3){\n            return(arr[arr.length-3]);\n        }\n        return (arr[arr.length-1]);\n        \n    }\n},51
Third Maximum Number,java,class Solution {\n    public int thirdMax(int[] nums) {\n      \n        Long first = null;   \n        Long second = null; \n        Long third = null;   \n        \n        for (int num : nums) {\n            long n = num;\n\n           \n            if ((first != null && n == first) ||\n                (second != null && n == second) ||\n                (third != null && n == third)) {\n                continue;\n            }\n\n    \n            if (first == null || n > first) {\n              \n                third = second;\n                second = first;\n                first = n;\n            } else if (second == null || n > second) {\n               \n                third = second;\n                second = n;\n            } else if (third == null || n > third) {\n                third = n;\n            }\n        }\n\n  \n        return (third == null) ? first.intValue() : third.intValue();\n    }\n}\n,54
Third Maximum Number,c,"int thirdMax(int* nums, int numsSize) {\n    long long max=LLONG_MIN,max2=LLONG_MIN,max3=LLONG_MIN;\n    for(int i=0;i<numsSize;i++){\n        if(nums[i]==max||nums[i]==max2||nums[i]==max3)\n        continue;\n        if(nums[i]>max){\n            max3=max2;\n            max2=max;\n            max=nums[i];\n        }\n        else if (nums[i]>max2){\n            max3=max2;\n            max2=nums[i];\n        }\n        else if(nums[i]>max3){\n            max3=nums[i];\n        }\n    }\n    if(max3==LLONG_MIN)\n    return max;\n    \n    return max3;\n\n}",55
Third Maximum Number,java,\n\nclass Solution {\n        public int thirdMax(int[] nums) {\n        Integer m1 = null;\n        Integer m2 = null;\n        Integer m3 = null;\n        for (Integer n : nums) {\n            if (n.equals(m1) || n.equals(m2) || n.equals(m3)) continue;\n            if (m1 == null || n > m1) {\n                m3 = m2;\n                m2 = m1;\n                m1 = n;\n            } else if (m2 == null || n > m2) {\n                m3 = m2;\n                m2 = n;\n            } else if (m3 == null || n > m3) {\n                m3 = n;\n            }\n        }\n        return m3 == null ? m1 : m3;\n    }\n},56
Third Maximum Number,cpp,"class Solution {\npublic:\n    int thirdMax(vector<int>& nums) {\n        \n        sort(nums.begin(),nums.end());\n        int c=0;\n        nums.erase(unique(nums.begin(),nums.end()),nums.end());\n        if(nums.size()==1){\n            return nums[0];\n        }\n        if(nums.size()<3){\n            if(nums[0]>nums[1]){\n                return nums[0];\n            }\n            else{\n                return nums[1];\n            }\n        }\n        for(int i=0;i<nums.size();i++){\n            for(int j=0;j<nums.size();j++){\n                   if(nums[i]!=nums[j]){\n                    if(nums[i]<nums[j]){\n                        c++;\n                    }\n                   }\n            }\n              if(c==2){\n                    return nums[i];\n                   }\n                   c=0;\n        }\n        return 0;\n    }\n};",57
Third Maximum Number,java,"class Solution {\n    public int thirdMax(int[] nums) {\n        long firstMax = Long.MIN_VALUE, secMax = Long.MIN_VALUE, thirdMax = Long.MIN_VALUE;\n\n        for (int num : nums) {\n            if (num == firstMax || num == secMax || num == thirdMax) continue;\n\n            if (num > firstMax) {\n                thirdMax = secMax;\n                secMax = firstMax;\n                firstMax = num;\n            }\n\n            else if (num > secMax) {\n                thirdMax = secMax;\n                secMax = num;\n            }\n\n            else if (num > thirdMax) {\n                thirdMax = num;\n            }\n        }\n\n        return (thirdMax == Long.MIN_VALUE) ? (int) firstMax : (int) thirdMax;\n    }\n}",58
Third Maximum Number,java,"class Solution {\n    public int thirdMax(int[] nums) {\n        long firstMax = Long.MIN_VALUE, secMax = Long.MIN_VALUE, thirdMax = Long.MIN_VALUE;\n\n        for (int num : nums) {\n            if (num == firstMax || num == secMax || num == thirdMax) continue;\n\n            if (num > firstMax) {\n                thirdMax = secMax;\n                secMax = firstMax;\n                firstMax = num;\n            }\n\n            else if (num > secMax) {\n                thirdMax = secMax;\n                secMax = num;\n            }\n\n            else if (num > thirdMax) {\n                thirdMax = num;\n            }\n        }\n\n        return (thirdMax == Long.MIN_VALUE) ? (int) firstMax : (int) thirdMax;\n    }\n}",59
Third Maximum Number,java,"class Solution {\n    public int thirdMax(int[] nums) {\n        long firstMax = Long.MIN_VALUE, secMax = Long.MIN_VALUE, thirdMax = Long.MIN_VALUE;\n\n        for (int num : nums) {\n            if (num == firstMax || num == secMax || num == thirdMax) continue;\n\n            if (num > firstMax) {\n                thirdMax = secMax;\n                secMax = firstMax;\n                firstMax = num;\n            }\n\n            else if (num > secMax) {\n                thirdMax = secMax;\n                secMax = num;\n            }\n\n            else if (num > thirdMax) {\n                thirdMax = num;\n            }\n        }\n\n        return (thirdMax == Long.MIN_VALUE) ? (int) firstMax : (int) thirdMax;\n    }\n}",60
Third Maximum Number,python,"class Solution(object):\n    def thirdMax(self, nums):\n        """"""\n        :type nums: List[int]\n        :rtype: int\n        """"""\n        nums=list(set(nums))\n        nums.sort()\n        if(len(nums)<3):\n            return nums[-1]\n        else:\n         return nums[-3]",61
Third Maximum Number,cpp,"// Third Maximum Number\n// TODO: Implement solution\n\nclass Solution {\npublic:\n    void solution() {\n        set<int>max;\n        for(int i:nums){\n            max.insert(i);\n        }\n        if(max.size()==1){\n            return nums[0];\n        }\n        if(max.size()==2){\n            auto t=next(max.begin(),max.size()-1);\n            if(t!=max.end()){\n                return *t;\n            }\n        }\n        auto t=next(max.begin(),max.size()-3);\n        if(t!=max.end()){\n            return *t;\n        }\n        return 0;\n    \n    }\n};",62
Third Maximum Number,cpp,"// Third Maximum Number\n// TODO: Implement solution\n\nclass Solution {\npublic:\n    void solution() {\n        set<int>max;\n        for(int i:nums){\n            max.insert(i);\n        }\n        if(max.size()==1){\n            return nums[0];\n        }\n        if(max.size()==2){\n            auto t=next(max.begin(),max.size()-1);\n            if(t!=max.end()){\n                return *t;\n            }\n        }\n        auto t=next(max.begin(),max.size()-3);\n        if(t!=max.end()){\n            return *t;\n        }\n        return 0;\n    \n    }\n};",63
Third Maximum Number,python,"class Solution:\n    def thirdMax(self, nums: List[int]) -> int:\n        lst = list(set(nums))\n        lst.sort(reverse=True)\n        if(len(lst)<3):\n            return max(lst)\n        return lst[2]",64
Third Maximum Number,c,// Third Maximum Number\n// TODO: Implement solution\n\nvoid solution() {\n    long max1=LONG_MIN;\n    long max2=LONG_MIN;\n    long max3=LONG_MIN;\n    for(int i=0;i<numsSize;i++){\n        if(nums[i]>max1){\n            max1=nums[i];\n        }\n    }\n    for(int i=0;i<numsSize;i++){\n        if(nums[i]>max2 && nums[i]!=max1){\n            max2=nums[i];\n        }\n    }\n    for(int i=0;i<numsSize;i++){\n        if(nums[i]>max3 && nums[i]!=max1 && nums[i]!=max2){\n            max3=nums[i];\n        }\n    }\n    if(max1==max2){\n        return max1;\n    }\n    for(int i=0;i<numsSize;i++){\n        if(nums[i]>max3 && nums[i]!=max1 && nums[i]!=max2){\n            max3=nums[i];\n        }\n    }\n    if(max3==LONG_MIN){\n        return max1;\n    }\n    return max3;\n},65
Third Maximum Number,python,"class Solution:\n    def thirdMax(self, nums: List[int]) -> int:\n        lst = list(set(nums))\n        lst.sort(reverse=True)\n        if(len(lst)<3):\n            return max(lst)\n        return lst[2]",66
Third Maximum Number,cpp,"// Third Maximum Number\n// TODO: Implement solution\n\nclass Solution {\npublic:\n    void solution() {\n        sort(nums.begin(), nums.end());\n        nums.erase(unique(nums.begin(), nums.end()), nums.end());\n\n        reverse(nums.begin(), nums.end());\n\n        if(nums.size() < 3) return nums.front();        \n\n        return nums[2];        \n    }\n};",67
Third Maximum Number,python,"class Solution:\n    def thirdMax(self, nums: List[int]) -> int:\n        first = max(nums)\n        while(True):\n            if first in nums:\n                nums.remove(first)\n            else:\n                break\n\n        if(nums==[]): return first\n\n        second = max(nums)\n        while(True):\n            if second in nums:\n                nums.remove(second)\n            else:\n                break\n\n        new = 0\n        if(first > second): new = first\n        else: new = second\n\n        if(nums==[]): return new\n        third = max(nums)\n        return third\n            ",68
Third Maximum Number,java,class Solution {\n    public int thirdMax(int[] nums) {\n        long first=Long.MIN_VALUE;\n        long second=Long.MIN_VALUE;\n        long third=Long.MIN_VALUE;\n        for(int i=0;i<nums.length;i++){\n            if(nums[i]>first){\n                third=second;\n                second=first;\n                first=nums[i];\n\n            }\n      else  if(nums[i]>second && nums[i]<first){\n            third=second;\n            second=nums[i];\n\n            }\n        else if(nums[i]>third && nums[i]<second)\n            third=nums[i];\n        }\n        if(third==Long.MIN_VALUE)\n        return (int)first;\n       \n\n         return (int)third;\n    }\n},69
Third Maximum Number,java,class Solution {\n    public int thirdMax(int[] nums) {\n        TreeSet<Integer> set = new TreeSet<>();\n        for(int i:nums){\n            set.add(i);\n        }\n        ArrayList<Integer> list = new ArrayList<>();\n        for(int i:set){\n            list.add(i);\n        }\n        if(list.size() == 2) return list.get(1);\n        if(list.size() == 1) return list.get(0);\n        return list.get(list.size()-3);\n    }\n},70
Third Maximum Number,java,class Solution {\n    public int thirdMax(int[] nums) {\n        TreeSet<Integer> ts = new TreeSet<>();\n        for(int x:nums)\n        {\n            ts.add(x);\n        }\n        List<Integer> lst = new ArrayList<>(ts);\n        if(lst.size() >= 3)\n        {\n            return lst.get(lst.size() - 3);\n        }\n        else\n        {\n            return lst.get(lst.size() - 1);\n        }\n\n    }\n},72
Third Maximum Number,c,"// Third Maximum Number\n// TODO: Implement solution\n\nint thirdMax(int* nums, int numsSize) {\n    long long first=LLONG_MIN;\n    long long sec=LLONG_MIN;\n    long long third=LLONG_MIN;\n    for(int i=0;i<numsSize;i++)\n    {\n        if(nums[i]==first || nums[i]== sec || nums[i]==third) { continue; }\n        else if(nums[i]>first){\n            third=sec;\n            sec=first;\n            first=nums[i];\n        }\n        else if(nums[i]>sec)\n        {\n            third=sec;\n            sec=nums[i];\n        }\n        else if(nums[i]>third)\n        {\n            third=nums[i];\n        }\n    }\n    if(third==LLONG_MIN) { return first; }\n    else\n    return third;\n}",73
Third Maximum Number,java,"class Solution {\n    public int thirdMax(int[] nums) {\n        if(nums.length ==1) return nums[0];\n        if(nums.length == 2)return Math.max(nums[0],nums[1]);\n        int  fmx = Integer.MIN_VALUE;\n        int smx = Integer.MIN_VALUE;\n        int tmx = Integer.MIN_VALUE;\n        int flg = 0;\n        for(int i=0;i<nums.length;i++)\n        {\n            if(nums[i]==Integer.MIN_VALUE)flg=1;\n            if(nums[i]>fmx)\n            {\n                tmx = smx;\n                smx = fmx;\n                fmx = nums[i];\n            }\n            else if(nums[i]>smx && nums[i]!=fmx)\n            {\n                tmx = smx;\n                smx = nums[i];\n            }\n            else if(nums[i]>tmx && nums[i]!=smx && nums[i]!=fmx)\n            {\n                tmx = nums[i];\n            }\n        }\n        System.out.println(fmx+"" ""+smx+"" ""+tmx);\n        if((tmx == Integer.MIN_VALUE && smx==Integer.MIN_VALUE)||(tmx==Integer.MIN_VALUE && flg==0))return fmx;\n        return tmx;\n    }\n}",75
Third Maximum Number,java,class Solution {\n    public int thirdMax(int[] nums) {\n        TreeSet<Integer> tset = new TreeSet<>();\n        for(int i=0; i < nums.length; i++){\n            tset.add(nums[i]);\n        }\n        if(tset.size() == 1){\n            return tset.pollLast();\n        }\n        else if(tset.size() == 2){\n            return tset.pollLast();\n        }\n        else{\n            tset.pollLast();\n            tset.pollLast();\n            return tset.pollLast();\n        }\n    }\n},76
Third Maximum Number,java,"class Solution {\n    public int thirdMax(int[] nums) {\n        Integer fmax= null ,smax=null,tmax=null;\n        for(Integer num: nums){\n            if(num.equals(fmax)|| num.equals(smax)|| num.equals(tmax)) continue;\n            if(fmax == null || fmax < num){\n                tmax = smax;\n                smax = fmax;\n                fmax = num;\n            }\n            else if(smax==null || smax < num){\n                tmax = smax;\n                smax = num;\n            }\n            else if(tmax == null || tmax<num) tmax = num;\n        }\n        return tmax == null?fmax:tmax;\n    }\n}",78
Third Maximum Number,java,"class Solution {\n    public int thirdMax(int[] nums) {\n        Integer fmax= null ,smax=null,tmax=null;\n        for(Integer num: nums){\n            if(num.equals(fmax)|| num.equals(smax)|| num.equals(tmax)) continue;\n            if(fmax == null || fmax < num){\n                tmax = smax;\n                smax = fmax;\n                fmax = num;\n            }\n            else if(smax==null || smax < num){\n                tmax = smax;\n                smax = num;\n            }\n            else if(tmax == null || tmax<num) tmax = num;\n        }\n        return tmax == null?fmax:tmax;\n    }\n}",79
Third Maximum Number,cpp,"// Third Maximum Number\n// TODO: Implement solution\n\nclass Solution {\npublic:\n    void solution() {\n        sort(nums.begin(),nums.end());\n        auto dup=unique(nums.begin(),nums.end());\n        nums.erase(dup,nums.end());\n        if(nums.size()==1)\n            return nums[0];\n        else if(nums.size()==2)\n            return nums[1];\n        else\n            return nums[nums.size()-3];   \n    }\n};",83
Third Maximum Number,python,class Solution {\n    public int thirdMax(int[] nums) {\n        Arrays.sort(nums);\n        for(int i = 0;i<nums.length/2;++i){\n            int temp = nums[i];\n            nums[i] = nums[nums.length-1-i];\n            nums[nums.length-1-i] = temp;\n        }\n        int count = 1;\n        int prev = nums[0];\n        for(int i = 1;i<nums.length;++i){\n            if(nums[i]!=prev){\n                count+=1;\n                prev = nums[i];\n            }\n            if(count==3) return nums[i];\n        }\n        return nums[0];\n    }\n},90
Third Maximum Number,java,class Solution {\n    public int thirdMax(int[] nums) {\n      int len=nums.length;\n      TreeSet<Integer> num=new TreeSet<>();\n      for(int n:nums){\n        num.add(n);\n      }\n      List<Integer> list=new ArrayList<>(num);\n      int l=list.size();\n      if(l>=3){\n        return list.get(l-3);\n      }\n      else{\n        return list.get(l-1);\n      }\n    }\n},91
Third Maximum Number,c,"// Third Maximum Number\n// TODO: Implement solution\n\nvoid solution() {\n#include <limits.h>\n\nint thirdMax(int* nums, int numsSize) {\n    long  fmax=LONG_MIN,smax=LONG_MIN,tmax=LONG_MIN+10;\n    for(int i=0;i<numsSize;i++)\n    {\n\n        long long x=nums[i];\n        if(x==fmax || x==smax|| x==tmax)\n        {\n            continue;\n        }\n        if(x>fmax)\n        {\n            tmax=smax;\n            smax=fmax;\n            fmax=x;\n        }else if(x>smax)\n        {\n            tmax=smax;\n            smax=x;\n        }else if(x>tmax)\n        {\n            tmax=x;\n        }\n    }\n    if(tmax==LONG_MIN)\n    {\n        return fmax;\n    }\n    return tmax;\n}\n\n    \n}",92
Third Maximum Number,python,"class Solution:\n    def thirdMax(self, nums: List[int]) -> int:\n        nums = sorted(set(nums))\n        if len(nums) < 3:\n            return nums[-1]\n        return nums[-3]\n",93
Third Maximum Number,java,class Solution {\n    public static int thirdMax(int[] nums) {\n        Arrays.sort(nums);\n\n        ArrayList<Integer> arr = new ArrayList<>();\n\n        for (int i = 0; i < nums.length; i++) {\n            if (arr.isEmpty() || arr.get(arr.size() - 1) != nums[i]) {\n                arr.add(nums[i]);\n            }\n        }\n\n        if (arr.size() < 3) {\n            return arr.get(arr.size() - 1);\n        }\n\n        return arr.get(arr.size() - 3);\n    }\n}\n,94
Third Maximum Number,java,class Solution {\n    public int thirdMax(int[] nums) {\n        Set<Integer> ts=new HashSet<>();\n        for(int ch:nums){\n            ts.add(ch);\n        }\n        List<Integer> al=new ArrayList<>(ts);\n        Collections.sort(al);\n        if(al.size()==2){\n            return al.get(1);\n        }\n        else if(al.size()==1){\n            return al.get(0);\n        }\n        else return al.get(al.size()-3);\n    }\n},95
Third Maximum Number,c,"// Third Maximum Number\n// TODO: Implement solution\n\n#include <stdio.h>\nint thirdMax(int* nums, int numsSize) {\n    int i,j,temp,max=0;\n    for(i=0;i<numsSize;i++)\n    {\n        for(j=i+1;j<numsSize;j++)\n        {\n            if(nums[i]>nums[j])\n            {\n                temp=nums[i];\n                nums[i]=nums[j];\n                nums[j]=temp;\n            }\n        }\n    }\n    int k=0;\n    for(i=0;i<numsSize;i++)\n    {\n        for(j=i+1;j<numsSize;j++)\n        {\n            if(nums[i]!=nums[j])\n            {\n                nums[k++]=nums[i];\n            }\n        }\n\n    }\n    if(numsSize>=3)\n    {\n        max=nums[2];\n  return max;\n    }\n    else if(numsSize==2)\n    {\n        max=nums[1];\n        return max;\n    }\n    else\n    {\n        max=nums[0];\n        return max;\n    }\n  \n    \n}\n    \n}\nint main()\n{ int nums[100];\nint numsSize;\nint i;\nscanf(""%d"",&numsSize);\nfor(i=0;i<numsSize;i++)\n{\nscanf(""%d"",&nums[i]);\n}\nprintf(""%d"",thirdMax(nums,numsSize));\n}\n}\n",97
Third Maximum Number,cpp,"// Third Maximum Number\n// TODO: Implement solution\n\nclass Solution {\npublic:\n    int thirdMax(vector<int>& nums) {\n        int max1 = nums[0];\n        int max2 = nums[0], max3 = nums[0];\n        int n = nums.size();\n\n        for (int i = 0; i < n; i++)\n        {\n            if (nums[i] > max1)\n            {    \n                max1 = nums[i];\n            }\n        }\n\n        int flag = 0;\n        for (int i = 0; i < n; i++) \n        {\n            if (nums[i] < max1) \n            {\n                max2 = nums[i];\n                flag = 1;\n                break;\n            }\n        }\n        if (flag == 0) \n        {\n            return max1;\n        }\n\n        for (int i = 0; i < n; i++)\n            if (nums[i] < max1 && nums[i] > max2)\n                max2 = nums[i];\n        \n        flag = 0;\n        for (int i = 0; i < n; i++) \n        {\n            if (nums[i] < max2) \n            {\n                max3 = nums[i];\n                flag = 1;\n                break;\n            }\n        }\n        if (flag == 0)\n        {\n            return max1;\n        }\n\n        for (int i = 0; i < n; i++)\n        {\n            if (nums[i] < max2 && nums[i] > max3)\n            {\n                max3 = nums[i];\n            }\n        }\n\n        return max3;\n    }\n};\n",99
Third Maximum Number,java,class Solution {\n    public int thirdMax(int[] nums) {\n        Set<Integer> s = new HashSet<>();\n        for(int i : nums){\n            s.add(i);\n        }\n        List<Integer> list = new ArrayList<>(s);\n        Collections.sort(list);\n        if(list.size() == 2){\n            return list.get(1);\n        }else if(list.size() == 1){\n            return list.get(0);\n        }else{\n            return list.get(list.size() - 3);\n        }\n    }\n},100
Third Maximum Number,cpp,"class Solution {\npublic:\n    int thirdMax(vector<int>& nums) {\n        int len = nums.size();\n        if(len == 1){\n            return nums[0];\n        }\n\n        unordered_set<int> uniques;\n        for(int x : nums){\n            uniques.insert(x);\n        }\n\n        vector<int> sortedUniques;\n\n        for(int x : uniques){\n            sortedUniques.push_back(x);\n        }\n\n        if(sortedUniques.size() == 1){\n            return sortedUniques[0];\n        }\n        sort(sortedUniques.begin(), sortedUniques.end());\n        if(sortedUniques.size() == 2){\n            return sortedUniques[1];\n        }\n        return sortedUniques[sortedUniques.size()-3];\n    }\n};",101
Third Maximum Number,java,class Solution {\n    public int thirdMax(int[] nums) {\n        long first = Long.MIN_VALUE;\n        long second = Long.MIN_VALUE;\n        long third = Long.MIN_VALUE;\n\n        for (int num : nums) {\n            if (num == first || num == second || num == third)\n                continue;\n\n            if (num > first) {\n                third = second;\n                second = first;\n                first = num;\n            } else if (num > second) {\n                third = second;\n                second = num;\n            } else if (num > third) {\n                third = num;\n            }\n        }\n\n        return third == Long.MIN_VALUE ? (int) first : (int) third;\n    }\n}\n,105
Third Maximum Number,java,"class Solution {\n    public int thirdMax(int[] nums) {\n        long max1=Long.MIN_VALUE,max2=Long.MIN_VALUE,max3=Long.MIN_VALUE;\n        for(long i : nums){\n            if(i>max1){\n                max3=max2;\n                max2=max1;\n                max1=i;\n            }\n            else if(i>max2 && i!=max1){\n                max3=max2;\n                max2=i;\n            }\n            else if(i>max3 && i!=max2 && i!=max1){\n                max3=i;\n            }\n        }\n        return (max3==Long.MIN_VALUE)? (int)max1 : (int)max3;\n    }\n}",110
Third Maximum Number,python,"class Solution:\n    def climbStairs(self, n: int) -> int:\n        steps = 0\n        if n == 1:\n            return 1\n        hashmap = {}\n        k = n\n        #climbing \n        def climb(k):\n            if k in hashmap:\n                return hashmap[k]\n            if k == 1:\n                return 1\n            if k == 2:\n                return 2\n            if k not in hashmap:\n                hashmap[k] = climb(k-1) + climb(k-2)\n            return climb(k-1)+climb(k-2)\n\n        steps += climb(k)\n        return steps\n",125
Third Maximum Number,python,"class Solution:\n    def climbStairs(self, n: int) -> int:\n        steps = 0\n        if n == 1:\n            return 1\n        hashmap = {}\n        k = n\n        #climbing \n        def climb(k):\n            if k in hashmap:\n                return hashmap[k]\n            if k == 1:\n                return 1\n            if k == 2:\n                return 2\n            if k not in hashmap:\n                hashmap[k] = climb(k-1) + climb(k-2)\n            return climb(k-1)+climb(k-2)\n\n        steps += climb(k)\n        return steps\n",126
Third Maximum Number,python,"class Solution:\n    def climbStairs(self, n: int) -> int:\n        steps = 0\n        if n == 1:\n            return 1\n        hashmap = {}\n        k = n\n        #climbing \n        def climb(k):\n            if k in hashmap:\n                return hashmap[k]\n            if k == 1:\n                return 1\n            if k == 2:\n                return 2\n            if k not in hashmap:\n                hashmap[k] = climb(k-1) + climb(k-2)\n            return climb(k-1)+climb(k-2)\n\n        steps += climb(k)\n        return steps\n",127
Third Maximum Number,python,"class Solution:\n    def climbStairs(self, n: int) -> int:\n        steps = 0\n        if n == 1:\n            return 1\n        hashmap = {}\n        k = n\n        #climbing \n        def climb(k):\n            if k in hashmap:\n                return hashmap[k]\n            if k == 1:\n                return 1\n            if k == 2:\n                return 2\n            if k not in hashmap:\n                hashmap[k] = climb(k-1) + climb(k-2)\n            return climb(k-1)+climb(k-2)\n\n        steps += climb(k)\n        return steps\n",128
Third Maximum Number,python,"class Solution(object):\n    def thirdMax(self, nums):\n        """"""\n        :type nums: List[int]\n        :rtype: int\n        """"""\n        nums.sort()\n        num=[]\n        for i in nums:\n            if i not in num:\n                num.extend([i])\n        if len(num)<3:\n            return num[-1]\n        return num[-3]",131
Third Maximum Number,python,"class Solution:\n    def thirdMax(self, nums: List[int]) -> int:\n        nums = set(nums)\n        nums = sorted(nums)\n        if len(nums) >= 3:\n            return nums[len(nums)-3]\n        return nums[len(nums)-1]\n",132
Third Maximum Number,c,"// Third Maximum Number\n// TODO: Implement solution\n\nvoid solution() {\n    int fmax=INT_MIN,smax=INT_MIN,tmax=INT_MIN;\n    int t=0;\n    for(int i=0;i<numsSize;i++){\n        if(nums[i]==INT_MIN)\n        t=nums[i];\n\n        if(nums[i]>fmax){\n            tmax=smax;\n            smax=fmax;\n            fmax=nums[i];\n        }else if(nums[i]<fmax && nums[i]>smax){\n            tmax=smax;\n            smax=nums[i];\n        }else if(nums[i]<smax && nums[i]>tmax){\n            tmax=nums[i];\n        }\n    }\n    if(t==0 && tmax==INT_MIN){\n        return fmax;\n    }\n    else if(tmax==smax){\n        return fmax;\n    }\n    else if(t!=0){\n        return t;\n    }\n    else{\n        return tmax;\n    }\n}",134
Third Maximum Number,c,"// Third Maximum Number\n// TODO: Implement solution\n\nvoid solution() {\n    int fmax=INT_MIN,smax=INT_MIN,tmax=INT_MIN;\n    int t=0;\n    for(int i=0;i<numsSize;i++){\n        if(nums[i]==INT_MIN)\n        t=nums[i];\n\n        if(nums[i]>fmax){\n            tmax=smax;\n            smax=fmax;\n            fmax=nums[i];\n        }else if(nums[i]<fmax && nums[i]>smax){\n            tmax=smax;\n            smax=nums[i];\n        }else if(nums[i]<smax && nums[i]>tmax){\n            tmax=nums[i];\n        }\n    }\n    if(t==0 && tmax==INT_MIN){\n        return fmax;\n    }\n    else if(tmax==smax){\n        return fmax;\n    }\n    else if(t!=0){\n        return t;\n    }\n    else{\n        return tmax;\n    }\n}",135
Third Maximum Number,c,"// Third Maximum Number\n// TODO: Implement solution\n\nvoid solution() {\n    int thirdMax(int* nums, int numsSize) {\n    long f=LONG_MIN,s=LONG_MIN,t=LONG_MIN;\n    for(int i=0;i<numsSize;i++){\n        long x=nums[i];\n    \n        if(x==f || x==s || x==t){\n            continue;\n        }\n\n        if(x>f){\n            t=s;\n            s=f;\n            f=x;\n        }\n        else if(x>s){\n            t=s;\n            s=x;\n        }\n        else if(x>t){\n            t=x;\n        }\n    }\n    if(t==LONG_MIN){\n        return f;\n    }\n    return t;\n}\n}",138
Third Maximum Number,python,"int thirdMax(int* nums, int numsSize){\n    for(int i=0;i<numsSize;i++){\n        for(int j=i+1;j<numsSize;j++){\n            if(nums[i]<nums[j]){\n                int temp=nums[i];\n                nums[i]=nums[j];\n                nums[j]=temp;\n            }\n        }\n    }\n    int c=0,d=1;\n    for(int i=0;i<numsSize-1;i++){\n        if(nums[i]!=nums[i+1]){\n            d++;\n            if(d==3){\n                return nums[i+1];\n            }\n        }\n    }\n    \n    return nums[0];\n}",139
Third Maximum Number,python,"int thirdMax(int* nums, int numsSize){\n    for(int i=0;i<numsSize;i++){\n        for(int j=i+1;j<numsSize;j++){\n            if(nums[i]<nums[j]){\n                int temp=nums[i];\n                nums[i]=nums[j];\n                nums[j]=temp;\n            }\n        }\n    }\n    int c=0,d=1;\n    for(int i=0;i<numsSize-1;i++){\n        if(nums[i]!=nums[i+1]){\n            d++;\n            if(d==3){\n                return nums[i+1];\n            }\n        }\n    }\n    \n    return nums[0];\n}",140
Third Maximum Number,c,"int thirdMax(int* nums, int numsSize) {\n    long max1=LONG_MIN;\n    long max2=LONG_MIN;\n    long max3=LONG_MIN;\n    for(int i=0;i<numsSize;i++){\n        if(nums[i]>max1){\n            max1=nums[i];\n        }\n    }\n    for(int i=0;i<numsSize;i++){\n        if(nums[i]>max2 && nums[i]!=max1){\n            max2=nums[i];\n        }\n    }\n    for(int i=0;i<numsSize;i++){\n        if(nums[i]>max3 && nums[i]!=max1 && nums[i]!=max2){\n            max3=nums[i];\n        }\n    }\n    if(max1==max2){\n        return max1;\n    }\n    for(int i=0;i<numsSize;i++){\n        if(nums[i]>max3 && nums[i]!=max1 && nums[i]!=max2){\n            max3=nums[i];\n        }\n    }\n    if(max3==LONG_MIN){\n        return max1;\n    }\n    return max3;\n}",143
Third Maximum Number,c,"// Third Maximum Number\n// TODO: Implement solution\nint thirdMax(int* nums, int numsSize) {\n    long int m1=LONG_MIN,m2=LONG_MIN,m3=LONG_MIN;\n    int i;\n    for(i=0;i<numsSize;i++){\n        if(nums[i]==m1 || nums[i]==m2 || nums[i]==m3) continue;\n        if(nums[i]>m1){\n            m3=m2;\n            m2=m1;\n            m1=nums[i];\n        }\n        else if(nums[i]>m2){\n            m3=m2;\n            m2=nums[i];\n        }\n        else if(nums[i]>m3)\n            m3=nums[i];\n\n    }\n    if(m3==LONG_MIN){\n        return(m1);\n    }\n    return (m3);\n}",144
Third Maximum Number,c,"int thirdMax(int* nums, int numsSize) {\n\n    long first = LONG_MIN;\n    long second = LONG_MIN;\n    long third = LONG_MIN;\n\n    for (int i = 0; i < numsSize; i++) {\n        if (nums[i] > first) {\n            first = nums[i];\n        }\n    }\n\n    for (int i = 0; i < numsSize; i++) {\n        if (nums[i] < first && nums[i] > second) {\n            second = nums[i];\n        }\n    }\n\n    for (int i = 0; i < numsSize; i++) {\n        if (nums[i] < second && nums[i] > third) {\n            third = nums[i];\n        }\n    }\n\n    int distinctCount = 0;\n    if (first != LONG_MIN) distinctCount++;\n    if (second != LONG_MIN) distinctCount++;\n    if (third != LONG_MIN) distinctCount++;\n\n    if (distinctCount < 3) {\n        return (int)first;\n    } else {\n        return (int)third;\n    }\n}\n",148
Third Maximum Number,java,class Solution {\n    public int thirdMax(int[] nums) {\n        Arrays.sort(nums);\n        for (int i=0; i<nums.length/2;i++) {\n            int temp = nums[i];\n            nums[i] = nums[nums.length - 1 - i];\n            nums[nums.length - 1 - i] = temp;\n        }\n        int elemCounted = 1;\n        int prevElem=nums[0];\n        for (int i = 1; i<nums.length;i++) {\n            if (nums[i] != prevElem) {\n                elemCounted += 1;\n                prevElem = nums[i];\n            }\n            if (elemCounted == 3) {\n                return nums[i];\n            }\n        }\n        return nums[0];\n    }\n},149
Third Maximum Number,c,"// Third Maximum Number\n// TODO: Implement solution\n\nint thirdMax(int* nums, int numsSize) {\n   long long max=LLONG_MIN;\n   long long max2=LLONG_MIN;\n   long long max3=LLONG_MIN;\n\n   for(int i=0;i<numsSize;i++)\n   {\n    if(nums[i]==max || nums[i]==max2 || nums[i]==max3)\n    continue;\n    if(nums[i]>max)\n    {\n        max3=max2;\n        max2=max;\n        max=nums[i];\n    }\n    else if(nums[i]>max2)\n    {\n        max3=max2;\n        max2=nums[i];\n    }\n    else if(nums[i]>=max3)\n    {\n        max3=nums[i];\n    }\n   }\n   if(max3==LLONG_MIN)\n   return max;\n\n   return max3;\n}\n    \nint main()\n{\nint n;\nscanf(""%d"",&n);\nint a[n];\nfor(int i=0;i<n;i++)\n{\nscanf(""%d"",&a[i]);\n}\nprintf(""%d"",thirdMax(a,n));\n}",152
Third Maximum Number,cpp,"#include <limits.h>\n\nclass Solution {\npublic:\n    int thirdMax(vector<int>& nums) {\n        int max = getMax(nums);\n        int trueMax = max;\n        remove(nums, max);\n        \n        for (int i=0; i<2; i++) {\n            if(nums.empty()) return trueMax;\n            max = getMax(nums);\n            remove(nums, max);\n        }\n        return max;\n    }\n\n    int getMax(vector<int>& nums) {\n        int max= INT_MIN;\n        for (int num: nums) {\n            if (num > max) max = num;\n        }\n        return max;\n    }\n    \n    void remove(vector<int>& nums, int val) {\n        for (int i=0; i<nums.size(); i++) {\n            if (nums[i] == val){\n                nums.erase(nums.begin() + i);\n                i--;\n            }\n        }\n    }\n};",153
Third Maximum Number,c,"int compare(const void *a, const void *b){\n    int arg1 = *(const int *)a;\n    int arg2 = *(const int *)b;\n    if(arg1>arg2) return -1;\n    if(arg1<arg2) return 1;\n    return 0;\n}\n\n\nint thirdMax(int* nums, int numsSize) {\n    qsort(nums, numsSize, sizeof(int), compare);\n    int i=0;\n    for(int j=1; j<numsSize; j++){\n        if(nums[i]!=nums[j]){\n            i++;\n            nums[i]=nums[j];\n        }\n    }\n    numsSize = i+1;\n    int val;\n\n    if(numsSize>=3)\n        val = nums[2];\n    else\n        val = nums[0];\n    \n    return val;\n\n\n\n    \n}",155
Third Maximum Number,python,https://leetcode.com/problems/third-maximum-number/submissions/1907494226/,160
Third Maximum Number,java,"class Solution {\n    public int thirdMax(int[] nums) {\n        long max1=Long.MIN_VALUE,max2=Long.MIN_VALUE,max3=Long.MIN_VALUE;\n       for(int i=0;i<nums.length;i++)\n       {     long n=nums[i];\n            if(max1==n|| max2==n|| max3==n) continue;\n            if(n>max1){\n                max3=max2;\n                max2=max1;\n                max1=n;\n            }else if(n>max2){\n                max3=max2;\n                max2=n;\n            }else if(n>max3) max3=n;\n        }\n        return (int)((max3==Long.MIN_VALUE)?max1:max3);\n\n    }\n}",165
Third Maximum Number,java,"class Solution {\n    public int thirdMax(int[] nums) {\n        long max1=Long.MIN_VALUE,max2=Long.MIN_VALUE,max3=Long.MIN_VALUE;\n       for(int i=0;i<nums.length;i++)\n       {     long n=nums[i];\n            if(max1==n|| max2==n|| max3==n) continue;\n            if(n>max1){\n                max3=max2;\n                max2=max1;\n                max1=n;\n            }else if(n>max2){\n                max3=max2;\n                max2=n;\n            }else if(n>max3) max3=n;\n        }\n        return (int)((max3==Long.MIN_VALUE)?max1:max3);\n\n    }\n}",166
Third Maximum Number,java,class Solution {\n    public int thirdMax(int[] nums) {\n        long f = Long.MIN_VALUE;\n        long s = Long.MIN_VALUE;\n        long t = Long.MIN_VALUE;\n        \n        for(int num:nums)\n        {\n            if(num==f ||num==s||num==t) \n            {continue;}\n            if(num>f)\n            {\n                t=s;\n                s=f;\n                f=num;\n            }\n            else if(num>s)\n            {\n                t=s;\n                s=num;\n            }\n            else if(num>t)\n            {\n                t=num;\n            }\n        }\n       return (t==Long.MIN_VALUE)? (int)f:(int)t;\n    }\n},170
Third Maximum Number,c,"// Third Maximum Number\n// TODO: Implement solution\n\nint thirdMax(int* nums, int numsSize) {\n        int m1=INT_MIN,m2=INT_MIN,m3=INT_MIN,f=0,c=0;\n        for(int i=0;i<numsSize;i++){\n            if(m1<nums[i]){\n                m1=nums[i];\n            }\n        }\n        for(int i=0;i<numsSize;i++){\n            if(m2<nums[i] && m1!=nums[i]){\n                m2=nums[i];\n            }\n        }\n        for(int i=0;i<numsSize;i++){\n            if(m3<=nums[i] && m2!=nums[i] && m1!=nums[i]){\n                m3=nums[i];\n                f=1;\n            }\n        }\n        if(f==0)return m1;\n        return m3;\n}",172
Third Maximum Number,c,"int thirdMax(int* nums, int numsSize) {\n    int first,second,third;\n    if(numsSize<3){\n        if(nums[0]>nums[1]){\n            return nums[0];\n        }else{\n            return nums[1];\n        }\n    }\n    else{\n        for (int i = 0; i < numsSize; i++) {\n            int n = nums[i];\n            if (n == first || n == second || n == third)\n                continue;\n            if (n > first) {\n                third = second;\n                second = first;\n                first = n;\n            }\n            else if (n > second) {\n                third = second;\n                second = n;\n            }\n            else if (n > third) {\n                third = n;\n            }\n        }\n    return third;\n    }\n}",173
Third Maximum Number,c,"// Third Maximum Number\n// TODO: Implement solution\n\nint thirdMax(int* nums, int numsSize) {\n    long long int max1=LONG_MIN, max2=LONG_MIN, max3=LONG_MIN;\n    for (int i=0;i<numsSize;i++) {\n        int n=nums[i];\n        if (n==max1||n==max2||n==max3) \n        continue;\n        if (n>max1) {\n            max3=max2;\n            max2=max1;\n            max1=n;\n        } else if(n>max2) {\n            max3=max2;\n            max2=n;\n        } else if(n>max3) {\n            max3=n;\n        }\n    }\n    if(max3==LONG_MIN){\n        return max1;\n    }\n    return max3;\n}",176
Third Maximum Number,c,"// Third Maximum Number\n// TODO: Implement solution\n\nint thirdMax(int* nums, int numsSize) {\n    long long int max1=LONG_MIN, max2=LONG_MIN, max3=LONG_MIN;\n    for (int i=0;i<numsSize;i++) {\n        int n=nums[i];\n        if (n==max1||n==max2||n==max3) \n        continue;\n        if (n>max1) {\n            max3=max2;\n            max2=max1;\n            max1=n;\n        } else if(n>max2) {\n            max3=max2;\n            max2=n;\n        } else if(n>max3) {\n            max3=n;\n        }\n    }\n    if(max3==LONG_MIN){\n        return max1;\n    }\n    return max3;\n}",177
Third Maximum Number,cpp,// Third Maximum Number\n// TODO: Implement solution\n\nclass Solution {\npublic:\n    int thirdMax(vector<int>& nums) {\n        long f=INT_MIN;\n        long s=INT_MIN;\n        long t=INT_MIN;\n        int c=nums.size();\n    unordered_set<int> seen;\n    vector<int> result;\n    for (int x : nums) {\n        if (seen.find(x) == seen.end()) {\n            seen.insert(x);\n            result.push_back(x);\n        }\n    }\n        for(int i=0;i<result.size();i++){\n            if(result[i]>f){\n                t=s;\n                s=f;\n                f=result[i];\n            }\n            else if(result[i]>s){\n                t=s;\n                s=result[i];\n            }\n            else if(result[i]>t){\n                t=result[i];\n            }\n        }\n        if(result.size()<3){\n            return f;\n        }\n        else{\n            return t;\n        }\n        \n    }\n    \n};\n        \n  ,178
Third Maximum Number,java,class Solution {\n    public int thirdMax(int[] nums) {\n        Set<Integer> n=new HashSet<>();\n        for(int i:nums) n.add(i);\n        Integer[] a=n.toArray(new Integer[0]);\n       Arrays.sort(a);\n       if(a.length>=3)\n{       return a[a.length-3];\n \n   }\n   if(a.length<3) return a[a.length-1];\n    return 0;\n      }\n}    ,179
Third Maximum Number,c,"int thirdMax(int* nums, int numsSize) {\n    long long firstmax = LLONG_MIN;\n    long long secondmax = LLONG_MIN;\n    long long thirdmax = LLONG_MIN;\n    for(int i=0; i<numsSize; i++){\n        if(nums[i]==firstmax || nums[i]==secondmax || nums[i]==thirdmax){\n            continue;\n        }\n        else if(nums[i]>firstmax){\n            thirdmax = secondmax;\n            secondmax = firstmax;\n            firstmax = nums[i];\n        }\n        else if(nums[i]>secondmax){\n            thirdmax = secondmax;\n            secondmax = nums[i];\n        }\n        else if(nums[i]>thirdmax){\n            thirdmax = nums[i];\n        }\n        \n    }\n    return (thirdmax==LLONG_MIN)?firstmax:thirdmax;\n}",182
Third Maximum Number,cpp,"// Third Maximum Number\n// TODO: Implement solution\n\nclass Solution {\npublic:\n    void solution() {\n        sort(nums.begin(),nums.end());\n        int index=1;\n        for(int i=1;i<nums.size();i++){\n            if(nums[i]!=nums[i-1]){\n                nums[index]=nums[i];\n                index++;\n            }\n        }\n        if(index<3){\n        if(index==1){\n            return nums[0];\n        }else if(nums[0]<nums[1]){\n            return nums[1];\n        }else{\n            return nums[0];\n        }\n        }\n        return nums[index-3];\n    }\n};",183
Third Maximum Number,c,"// Third Maximum Number\n#include <limits.h>\n\nint thirdMax(int* nums, int numsSize) {\n    long first = LONG_MIN, second = LONG_MIN, third = LONG_MIN;\n\n    for (int i = 0; i < numsSize; i++) {\n        long x = nums[i];\n\n        if (x == first || x == second || x == third)\n            continue;\n\n        if (x > first) {\n            third = second;\n            second = first;\n            first = x;\n        } else if (x > second) {\n            third = second;\n            second = x;\n        } else if (x > third) {\n            third = x;\n        }\n    }\n\n    return (third == LONG_MIN) ? (int)first : (int)third;\n}\n",184
Third Maximum Number,cpp,"class Solution {\npublic:\n    int thirdMax(vector<int>& nums) {\n        int count=0;\n        int first=INT_MIN;\n        {\n            for(int i=0;i<nums.size();i++)\n            {\n                first=max(first,nums[i]);\n\n            }\n            if(nums.size()<3)\n            {\n                return first;\n            }\n            else\n            {\n                count=1;\n                int second=INT_MIN;\n                for(int i=0;i<nums.size();i++)\n                {\n                    if(first>nums[i])\n                        second=max(second,nums[i]);\n                }\n                int third=INT_MIN;\n                for(int i=0;i<nums.size();i++)\n                {\n                    if(second>nums[i])\n                        third=max(third,nums[i]);\n                }\n\n                return third;\n\n\n        }\n    \n        \n    }\n\n\n    }\n};",186
Third Maximum Number,c,"int thirdMax(int* nums, int numsSize) {\n    long int max1=LONG_MIN,max2=LONG_MIN,max3=LONG_MIN;\n    int i;\n    for(i=0;i<numsSize;i++){\n        if(nums[i]==max1 || nums[i]==max2 || nums[i]==max3) continue;\n        if(nums[i]>max1){\n            max3=max2;\n            max2=max1;\n            max1=nums[i];\n        }\n        else if(nums[i]>max2){\n            max3=max2;\n            max2=nums[i];\n        }\n        else if(nums[i]>max3)\n            max3=nums[i];\n\n    }\n    if(max3==LONG_MIN){\n        return(max1);\n    }\n    return (max3);\n}",190
Third Maximum Number,python,"class Solution:\n    def thirdMax(self, nums: List[int]) -> int:\n        sets=set(nums)\n        nums=list(sets)\n        nums.sort()\n        if len(nums)<3:\n             return max(nums)\n        else:\n             return nums[-3]",193
Third Maximum Number,c,"int thirdMax(int* nums, int numsSize) {\n    for (int i = 0; i < numsSize; i++) {\n        for (int j = i + 1; j < numsSize; j++) {\n            if (nums[i] < nums[j]) {\n                int temp = nums[i];\n                nums[i] = nums[j];\n                nums[j] = temp;\n            }\n        }\n    }\n    int count, i = 0;\n    while (nums[i] != '\0') {\n        if (nums[i] != nums[i+1]) {\n            continue;\n        }else{\n            nums[i + 1] = nums[i + 2];\n        }\n        i++;\n    }\n    return nums[2];\n}",194
Third Maximum Number,cpp,class Solution {\npublic:\n    int thirdMax(vector<int>& nums) {\n        int n = nums.size();\n        int max = nums[0];\n        int min = nums[0];\n        int sec = 0;\n        for(int i=0;i<n;i++){\n            if(nums[i] > max){\n                max = nums[i];\n            }\n        }\n        for(int i=0;i<n;i++){\n            if(nums[i] < min){\n                min = nums[i];\n            }\n        }\n        for(int i=0;i<n;i++){\n            if(nums[i] > min && nums[i] < max){\n                sec = nums[i];\n            }\n        }\n        if(sec > 0){\n            return max;\n        }\n        return min;\n    }\n};,196
Third Maximum Number,python,"class Solution:\n    def thirdMax(self, nums: List[int]) -> int:\n        nums = sorted(set(nums))\n        if len(nums) < 3:\n            return nums[-1]\n        return nums[-3]\n",198
Third Maximum Number,java,"class Solution {\n    public int thirdMax(int[] n)\n    {\n       int l=n.length;\n       int fmax=Integer.MIN_VALUE,smax=Integer.MIN_VALUE,tmax=Integer.MIN_VALUE;\n       HashSet<Integer> uni=new HashSet<>();\n       for(int i:n)\n       {\n          uni.add(i);\n       }\n       for(int i:uni)\n       {\n          if(fmax<i)\n          {\n            tmax=smax;\n            smax=fmax;\n            fmax=i;\n          }\n          else if(smax<i && smax!=fmax)\n          {\n             tmax=smax;\n             smax=i;\n          }\n          else if(tmax<i && tmax!=smax && tmax!=fmax)\n          {\n             tmax=i;\n          }\n       }\n       if(uni.size()<=2) return fmax;\n       return tmax;\n    }\n}",199
Third Maximum Number,java,class Solution {\n    public int thirdMax(int[] nums) {\n        Arrays.sort(nums);\n        int count=0;\n        for(int i=nums.length-1;i>0;i--){\n            if(nums[i]!=nums[i-1]) count++;\n            if(count==2) return nums[i-1];\n        }\n        return nums[nums.length-1];\n    }\n},201
Third Maximum Number,java,class Solution {\n    public int thirdMax(int[] nums) {\n        Set<Integer> n= new HashSet<>();\n        for(int x : nums){\n            n.add(x);}\n        List<Integer>  l=new ArrayList<>(n);\n        Collections.sort(l);\n        if(l.size()==2) return l.get(1);\n        else if(l.size()==1) return l.get(0);\n        else return l.get(l.size()-3);}},202
